{
"name":"steward",
"number":14,
"layout":[
{
    "index":0,
    "name":"vh_t0",
    "bg":"",
    "type":1,

    "screen0_x":0,
    "screen0_y":0,
    "screen0_w":160,
    "screen0_h":120,

    "screen1_x":0,
    "screen1_y":0,
    "screen1_w":640,
    "screen1_h":480
},
{
    "index":1,
    "name":"vh_t1",
    "bg":"",
    "type":1,

    "screen0_x":0,
    "screen0_y":0,
    "screen0_w":256,
    "screen0_h":192,

    "screen1_x":0,
    "screen1_y":0,
    "screen1_w":640,
    "screen1_h":480
},
{
    "index":2,
    "name":"s0",
    "bg":"bg_s0.png",
    "type":4,

    "screen0_x":0,
    "screen0_y":0,
    "screen0_w":0,
    "screen0_h":0,

    "screen1_x":64,
    "screen1_y":48,
    "screen1_w":512,
    "screen1_h":384
},

{
    "index":3,
    "name":"s1",
    "bg":"",
    "type":4,

    "screen0_x":0,
    "screen0_y":0,
    "screen0_w":0,
    "screen0_h":0,

    "screen1_x":0,
    "screen1_y":0,
    "screen1_w":640,
    "screen1_h":480
},

{
    "index":4,
    "name":"v0",
    "bg":"bg_v0.png",

    "screen0_x":192,
    "screen0_y":48,
    "screen0_w":256,
    "screen0_h":192,

    "screen1_x":192,
    "screen1_y":240,
    "screen1_w":256,
    "screen1_h":192
},

{
    "index":5,
    "name":"v1",
    "bg":"bg_v1.png",

    "screen0_x":160,
    "screen0_y":0,
    "screen0_w":320,
    "screen0_h":240,

    "screen1_x":160,
    "screen1_y":240,
    "screen1_w":320,
    "screen1_h":240
},

{
    "index":6,
    "name":"h0",
    "bg":"bg_h0.png",

    "screen0_x":64,
    "screen0_y":144,
    "screen0_w":256,
    "screen0_h":192,

    "screen1_x":320,
    "screen1_y":144,
    "screen1_w":256,
    "screen1_h":192
},

{
    "index":7,
    "name":"h1",
    "bg":"bg_h1.png",

    "screen0_x":0,
    "screen0_y":120,
    "screen0_w":320,
    "screen0_h":240,

    "screen1_x":320,
    "screen1_y":120,
    "screen1_w":320,
    "screen1_h":240
},

{
    "index":8,
    "name":"vh_s0",
    "bg":"bg_vh_s0.png",

    "screen0_x":0,
    "screen0_y":0,
    "screen0_w":480,
    "screen0_h":360,

    "screen1_x":480,
    "screen1_y":360,
    "screen1_w":160,
    "screen1_h":120
},

{
    "index":9,
    "name":"vh_s1",
    "bg":"bg_vh_s1.png",

    "screen0_x":0,
    "screen0_y":0,
    "screen0_w":384,
    "screen0_h":288,

    "screen1_x":384,
    "screen1_y":288,
    "screen1_w":256,
    "screen1_h":192
},

{
    "index":10,
    "name":"vh_s2",
    "bg":"bg_vh_s2.png",

    "screen0_x":80,
    "screen0_y":0,
    "screen0_w":480,
    "screen0_h":360,

    "screen1_x":240,
    "screen1_y":360,
    "screen1_w":160,
    "screen1_h":120
},

{
    "index":11,
    "name":"vh_c0",
    "bg":"bg_vh_c0.png",

    "screen0_x":128,
    "screen0_y":0,
    "screen0_w":384,
    "screen0_h":288,

    "screen1_x":192,
    "screen1_y":288,
    "screen1_w":256,
    "screen1_h":192,


},

{
    "index":12,
    "name":"vh_c1",
    "bg":"bg_vh_c1.png",

    "screen0_x":0,
    "screen0_y":96,
    "screen0_w":384,
    "screen0_h":288,

    "screen1_x":384,
    "screen1_y":144,
    "screen1_w":256,
    "screen1_h":192


},

{
    "index":13,
    "name":"hh0",
    "bg":"bg_hh0.png",
    "type":2,
    "rotate":90,

    "screen0_x":0,
    "screen0_y":26,
    "screen0_w":427,
    "screen0_h":320,

    "screen1_x":320,
    "screen1_y":26,
    "screen1_w":427,
    "screen1_h":320
},

{
    "index":14,
    "name":"hh1",
    "bg":"",
    "type":2,
    "rotate":270,

    "screen1_x":0,
    "screen1_y":0,
    "screen1_w":480,
    "screen1_h":360,
    
    "screen0_x":360,
    "screen0_y":53,
    "screen0_w":373,
    "screen0_h":280
},

{
    "index":15,
    "name":"hres0",
    "bg":"bg_hres0.png",
    "type":3,

    "screen0_x":63,
    "screen0_y":48,
    "screen0_w":512,
    "screen0_h":384,

    "screen1_x":64,
    "screen1_y":48,
    "screen1_w":512,
    "screen1_h":384
},

{
    "index":16,
    "name":"hres1",
    "type":3,

    "screen0_x":0,
    "screen0_y":0,
    "screen0_w":640,
    "screen0_h":480,

    "screen1_x":0,
    "screen1_y":0,
    "screen1_w":640,
    "screen1_h":480
},
]

}

