{
"name":"steward",
"number":14,
"layout":[
{
    "index":0,
    "name":"vh_t0",
    "bg":"bg_t.png",

    "screen0_x":0,
    "screen0_y":540,
    "screen0_w":240,
    "screen0_h":180,

    "screen1_x":0,
    "screen1_y":0,
    "screen1_w":720,
    "screen1_h":540
},
{
    "index":1,
    "name":"vh_t1",
    "bg":"bg_t.png",

    "screen0_x":0,
    "screen0_y":528,
    "screen0_w":256,
    "screen0_h":192,

    "screen1_x":0,
    "screen1_y":0,
    "screen1_w":720,
    "screen1_h":540
},
{
    "index":2,
    "name":"s0",
    "bg":"bg_s0.png",

    "screen0_x":0,
    "screen0_y":0,
    "screen0_w":0,
    "screen0_h":0,

    "screen1_x":104,
    "screen1_y":168,
    "screen1_w":512,
    "screen1_h":384
},

{
    "index":3,
    "name":"s1",
    "bg":"bg_t.png",

    "screen0_x":0,
    "screen0_y":0,
    "screen0_w":0,
    "screen0_h":0,

    "screen1_x":0,
    "screen1_y":90,
    "screen1_w":720,
    "screen1_h":540
},

{
    "index":4,
    "name":"v0",
    "bg":"bg_v0.png",

    "screen0_x":232,
    "screen0_y":168,
    "screen0_w":256,
    "screen0_h":192,

    "screen1_x":232,
    "screen1_y":360,
    "screen1_w":256,
    "screen1_h":192
},

{
    "index":5,
    "name":"v1",
    "bg":"bg_v1.png",

    "screen0_x":120,
    "screen0_y":0,
    "screen0_w":480,
    "screen0_h":360,

    "screen1_x":120,
    "screen1_y":360,
    "screen1_w":480,
    "screen1_h":360
},

{
    "index":6,
    "name":"h0",
    "bg":"bg_h0.png",

    "screen0_x":104,
    "screen0_y":264,
    "screen0_w":256,
    "screen0_h":192,

    "screen1_x":360,
    "screen1_y":264,
    "screen1_w":256,
    "screen1_h":192
},

{
    "index":7,
    "name":"h1",
    "bg":"bg_h1.png",

    "screen0_x":0,
    "screen0_y":225,
    "screen0_w":360,
    "screen0_h":270,

    "screen1_x":360,
    "screen1_y":225,
    "screen1_w":360,
    "screen1_h":270
},

{
    "index":8,
    "name":"vh_s0",
    "bg":"bg_vh_s3.png",

    "screen0_x":240,
    "screen0_y":540,
    "screen0_w":240,
    "screen0_h":180,

    "screen1_x":0,
    "screen1_y":0,
    "screen1_w":720,
    "screen1_h":540
},

{
    "index":9,
    "name":"vh_s1",
    "bg":"bg_vh_s1.png",

    "screen0_x":426,
    "screen0_y":408,
    "screen0_w":256,
    "screen0_h":192,

    "screen1_x":41,
    "screen1_y":122,
    "screen1_w":384,
    "screen1_h":288
},

{
    "index":10,
    "name":"vh_s2",
    "bg":"bg_vh_s2.png",

    "screen0_x":232,
    "screen0_y":528,
    "screen0_w":256,
    "screen0_h":192,

    "screen1_x":8,
    "screen1_y":0,
    "screen1_w":704,
    "screen1_h":528
},

{
    "index":11,
    "name":"vh_c0",
    "bg":"bg_vh_c0.png",

    "screen0_x":232,
    "screen0_y":456,
    "screen0_w":256,
    "screen0_h":192,

    "screen1_x":104,
    "screen1_y":72,
    "screen1_w":512,
    "screen1_h":384
},

{
    "index":12,
    "name":"vh_c1",
    "bg":"bg_vh_c1.png",

    "screen0_x":432,
    "screen0_y":252,
    "screen0_w":288,
    "screen0_h":216,

    "screen1_x":0,
    "screen1_y":198,
    "screen1_w":432,
    "screen1_h":324
},

{
    "index":13,
    "name":"hh0",
    "bg":"bg_hh0.png",
    "rotate":90,

    "screen0_x":0,
    "screen0_y":120,
    "screen0_w":480,
    "screen0_h":360,

    "screen1_x":360,
    "screen1_y":120,
    "screen1_w":480,
    "screen1_h":360
},

{
    "index":14,
    "name":"hh1",
    "bg":"bg_hh0.png",
    "rotate":270,

    "screen0_x":0,
    "screen0_y":120,
    "screen0_w":480,
    "screen0_h":360,

    "screen1_x":360,
    "screen1_y":120,
    "screen1_w":480,
    "screen1_h":360
},

{
    "index":15,
    "name":"hres0",
    "bg":"bg_hres0.png",

    "screen0_x":104,
    "screen0_y":168,
    "screen0_w":512,
    "screen0_h":384,

    "screen1_x":104,
    "screen1_y":168,
    "screen1_w":512,
    "screen1_h":384
},

{
    "index":16,
    "name":"hres1",
    "bg":"bg_t.png",

    "screen0_x":0,
    "screen0_y":90,
    "screen0_w":720,
    "screen0_h":540,

    "screen1_x":0,
    "screen1_y":90,
    "screen1_w":720,
    "screen1_h":540
},
]

}

